{
  "success":true,
  "terms":"https:\/\/currencylayer.com\/terms",
  "privacy":"https:\/\/currencylayer.com\/privacy",
  "timestamp":1635927004,
  "source":"USD",
  "quotes":{
    "USDAED":3.6732,
    "USDAFN":90.87848,
    "USDALL":106.065185,
    "USDAMD":478.938417,
    "USDANG":1.805482,
    "USDAOA":597.000451,
    "USDARS":99.825944,
    "USDAUD":1.342455,
    "USDAWG":1.8005,
    "USDAZN":1.702184,
    "USDBAM":1.68863,
    "USDBBD":2.007166,
    "USDBDT":85.838539,
    "USDBGN":1.688599,
    "USDBHD":0.377024,
    "USDBIF":1996.37384,
    "USDBMD":1,
    "USDBND":1.35014,
    "USDBOB":6.90732,
    "USDBRL":5.679997,
    "USDBSD":1.00177,
    "USDBTC":1.5788358e-5,
    "USDBTN":74.841617,
    "USDBWP":11.488452,
    "USDBYN":2.460933,
    "USDBYR":19600,
    "USDBZD":2.008547,
    "USDCAD":1.240585,
    "USDCDF":2011.999694,
    "USDCHF":0.91374,
    "USDCLF":0.029477,
    "USDCLP":813.369994,
    "USDCNY":6.398797,
    "USDCOP":3799,
    "USDCRC":639.266134,
    "USDCUC":1,
    "USDCUP":26.5,
    "USDCVE":95.198011,
    "USDCZK":22.069558,
    "USDDJF":178.363911,
    "USDDKK":6.422498,
    "USDDOP":56.4455,
    "USDDZD":136.82897,
    "USDEGP":15.708899,
    "USDERN":15.001239,
    "USDETB":47.664408,
    "USDEUR":0.863285,
    "USDFJD":2.080799,
    "USDFKP":0.733222,
    "USDGBP":0.734498,
    "USDGEL":3.15973,
    "USDGGP":0.733222,
    "USDGHS":6.120766,
    "USDGIP":0.733222,
    "USDGMD":52.000275,
    "USDGNF":9638.333693,
    "USDGTQ":7.750611,
    "USDGYD":209.709308,
    "USDHKD":7.78195,
    "USDHNL":24.202892,
    "USDHRK":6.495602,
    "USDHTG":98.34837,
    "USDHUF":310.360374,
    "USDIDR":14318.7,
    "USDILS":3.13429,
    "USDIMP":0.733222,
    "USDINR":74.512012,
    "USDIQD":1461.938269,
    "USDIRR":42239.999753,
    "USDISK":129.659735,
    "USDJEP":0.733222,
    "USDJMD":154.875027,
    "USDJOD":0.708954,
    "USDJPY":113.939502,
    "USDKES":111.395844,
    "USDKGS":84.803528,
    "USDKHR":4081.674941,
    "USDKMF":425.224984,
    "USDKPW":899.9997,
    "USDKRW":1181.045013,
    "USDKWD":0.30172,
    "USDKYD":0.834794,
    "USDKZT":429.009281,
    "USDLAK":10347.507015,
    "USDLBP":1515.894531,
    "USDLKR":202.359249,
    "USDLRD":148.87502,
    "USDLSL":14.380281,
    "USDLTL":2.95274,
    "USDLVL":0.60489,
    "USDLYD":4.569134,
    "USDMAD":9.084253,
    "USDMDL":17.545867,
    "USDMGA":3980.789985,
    "USDMKD":53.196633,
    "USDMMK":1806.207727,
    "USDMNT":2850.924447,
    "USDMOP":8.031168,
    "USDMRO":356.999828,
    "USDMUR":42.949876,
    "USDMVR":15.401973,
    "USDMWK":817.025685,
    "USDMXN":20.76245,
    "USDMYR":4.155498,
    "USDMZN":63.830592,
    "USDNAD":14.380081,
    "USDNGN":411.729826,
    "USDNIO":35.39305,
    "USDNOK":8.505025,
    "USDNPR":119.748759,
    "USDNZD":1.401225,
    "USDOMR":0.385021,
    "USDPAB":1.001783,
    "USDPEN":3.999534,
    "USDPGK":3.517462,
    "USDPHP":50.581051,
    "USDPKR":170.382474,
    "USDPLN":3.970502,
    "USDPYG":6913.792359,
    "USDQAR":3.81025,
    "USDRON":4.2737,
    "USDRSD":101.532484,
    "USDRUB":71.369506,
    "USDRWF":1021.713792,
    "USDSAR":3.751203,
    "USDSBD":8.022495,
    "USDSCR":13.276167,
    "USDSDG":440.483424,
    "USDSEK":8.560504,
    "USDSGD":1.349445,
    "USDSHP":1.377397,
    "USDSLL":10885.000436,
    "USDSOS":583.999938,
    "USDSRD":21.600499,
    "USDSTD":20697.981008,
    "USDSVC":8.76581,
    "USDSYP":1256.972024,
    "USDSZL":15.458752,
    "USDTHB":33.319501,
    "USDTJS":11.249795,
    "USDTMT":3.5,
    "USDTND":2.840269,
    "USDTOP":2.244499,
    "USDTRY":9.63249,
    "USDTTD":6.792489,
    "USDTWD":27.855499,
    "USDTZS":2302.999926,
    "USDUAH":26.346298,
    "USDUGX":3559.705423,
    "USDUSD":1,
    "USDUYU":44.272924,
    "USDUZS":10726.242176,
    "USDVEF":213830222338.07285,
    "USDVND":22748,
    "USDVUV":112.296433,
    "USDWST":2.576993,
    "USDXAF":566.334556,
    "USDXAG":0.04255,
    "USDXAU":0.000561,
    "USDXCD":2.70255,
    "USDXDR":0.710037,
    "USDXOF":566.334556,
    "USDXPF":103.350424,
    "USDYER":250.249838,
    "USDZAR":15.3727,
    "USDZMK":9001.198595,
    "USDZMW":17.345823,
    "USDZWL":321.999592
  }
}